{
  "LogReg_v2_dep": {
    "accuracy": 0.80515,
    "precision": 0.79917,
    "recall": 0.63559,
    "f1": 0.70806,
    "roc_auc": 0.88571,
    "brier_score": 0.12846,
    "artifact_mb": 0.01128
  },
  "RF_calibrado_v2_dep": {
    "accuracy": 0.85341,
    "precision": 0.83059,
    "recall": 0.76087,
    "f1": 0.79421,
    "roc_auc": 0.93033,
    "brier_score": 0.10153,
    "artifact_mb": 20.77024
  },
  "HGB_calibrado_v2_dep": {
    "accuracy": 0.86284,
    "precision": 0.82606,
    "recall": 0.79939,
    "f1": 0.8125,
    "roc_auc": 0.94015,
    "brier_score": 0.09431,
    "artifact_mb": 1.11532
  },
  "LogReg_v2_sin_dep": {
    "accuracy": 0.80515,
    "precision": 0.77475,
    "recall": 0.67093,
    "f1": 0.71912,
    "roc_auc": 0.87767,
    "brier_score": 0.13415,
    "artifact_mb": 0.01101
  },
  "RF_calibrado_v2_sin_dep": {
    "accuracy": 0.85126,
    "precision": 0.85881,
    "recall": 0.71794,
    "f1": 0.78208,
    "roc_auc": 0.92974,
    "brier_score": 0.10222,
    "artifact_mb": 23.91661
  },
  "HGB_calibrado_v2_sin_dep": {
    "accuracy": 0.86339,
    "precision": 0.83687,
    "recall": 0.78568,
    "f1": 0.81047,
    "roc_auc": 0.93833,
    "brier_score": 0.0959,
    "artifact_mb": 1.11526
  },
  "RF_calibrado_v1": {
    "accuracy": 0.85273,
    "precision": 0.8377,
    "recall": 0.74898,
    "f1": 0.79086,
    "roc_auc": 0.9289,
    "brier_score": 0.10228,
    "artifact_mb": 19.93126
  }
}